no,url
1,https://arxiv.org/pdf/2209.11142.pdf
2,https://arxiv.org/pdf/2212.02475.pdf
3,https://arxiv.org/pdf/2211.16564.pdf
4,https://arxiv.org/abs/1803.05316
5,https://arxiv.org/abs/2206.08896
6,https://arxiv.org/pdf/2211.09066.pdf
7,https://arxiv.org/abs/2212.09196
8,https://arxiv.org/abs/2205.12615
9,https://arxiv.org/pdf/2210.14215.pdf
10,https://arxiv.org/abs/2211.15661
11,https://arxiv.org/abs/2212.07677
12,https://arxiv.org/abs/2212.10559
13,https://arxiv.org/pdf/2210.08933.pdf
14,https://arxiv.org/abs/2301.05062
15,https://arxiv.org/abs/2301.07733
16,https://arxiv.org/abs/2301.10226
17,https://arxiv.org/pdf/2301.11305.pdf
18,https://arxiv.org/abs/2301.13823
19,https://arxiv.org/abs/2212.14024
20,https://arxiv.org/abs/2210.03629
21,https://arxiv.org/abs/2203.14465
22,https://arxiv.org/abs/2212.14052
23,https://arxiv.org/pdf/2302.00902.pdf
24,https://arxiv.org/pdf/2011.09052.pdf
25,https://arxiv.org/abs/2206.04301
26,https://arxiv.org/abs/2301.13196
27,https://arxiv.org/abs/2302.02083
28,https://arxiv.org/abs/2212.07469
29,https://arxiv.org/abs/2302.06675
30,https://arxiv.org/abs/1906.06717
31,https://arxiv.org/abs/2210.14215
32,https://arxiv.org/abs/2108.06325
33,https://arxiv.org/abs/2212.04458
34,https://arxiv.org/abs/2210.08863
35,https://arxiv.org/abs/2301.07608
36,https://arxiv.org/abs/2302.14045
37,https://arxiv.org/abs/2302.12813
38,https://arxiv.org/pdf/2106.00042.pdf
39,https://arxiv.org/abs/2303.01469
40,https://arxiv.org/pdf/2303.03846.pdf
41,https://arxiv.org/abs/2302.14040
42,https://arxiv.org/abs/2303.12253
43,https://arxiv.org/abs/2303.12712
44,https://arxiv.org/abs/1711.03705
45,https://arxiv.org/pdf/2301.00620.pdf
46,https://arxiv.org/pdf/2110.07814.pdf
47,https://arxiv.org/abs/2202.13100
48,https://arxiv.org/pdf/2203.04571.pdf
49,https://arxiv.org/pdf/2206.15306.pdf
50,https://arxiv.org/abs/2303.16749
51,https://arxiv.org/pdf/2303.17651.pdf
52,https://arxiv.org/pdf/2302.07996.pdf
53,https://arxiv.org/abs/2303.17491
54,https://arxiv.org/pdf/2303.17580.pdf
55,https://arxiv.org/pdf/2304.01228.pdf
56,https://arxiv.org/abs/2304.03442
57,https://arxiv.org/pdf/2304.09848.pdf
58,https://arxiv.org/pdf/2212.06094.pdf
59,https://arxiv.org/pdf/2304.11062.pdf
60,https://arxiv.org/pdf/2206.12839.pdf
61,https://arxiv.org/pdf/2212.10560.pdf
62,https://arxiv.org/pdf/2305.01625.pdf
63,https://arxiv.org/pdf/2305.00050.pdf
64,https://arxiv.org/pdf/2305.02968.pdf
65,https://arxiv.org/pdf/2103.12656.pdf
66,https://arxiv.org/pdf/2212.10544.pdf
67,https://arxiv.org/abs/2305.03047
68,https://arxiv.org/pdf/2305.07185.pdf
69,https://arxiv.org/pdf/2305.07141.pdf
70,https://arxiv.org/pdf/2305.08298.pdf
71,https://arxiv.org/pdf/2305.09253.pdf
72,https://arxiv.org/pdf/2305.07759.pdf
73,https://arxiv.org/pdf/2210.13382.pdf
74,https://arxiv.org/pdf/2305.10601.pdf
75,https://arxiv.org/pdf/2304.02868.pdf
76,https://arxiv.org/pdf/2305.12544.pdf
77,https://arxiv.org/pdf/2305.14325.pdf
78,https://arxiv.org/pdf/2305.15076.pdf
79,https://arxiv.org/pdf/2305.14975.pdf
80,https://arxiv.org/pdf/2305.14795.pdf
81,https://arxiv.org/abs/2305.18290
82,https://arxiv.org/abs/2306.00323
83,https://arxiv.org/pdf/2305.11206.pdf
84,https://arxiv.org/pdf/2305.15334.pdf
85,https://arxiv.org/pdf/2306.03872.pdf
86,https://arxiv.org/abs/2306.04757
87,https://arxiv.org/pdf/2305.18565.pdf
88,https://arxiv.org/abs/2305.16183
89,https://arxiv.org/pdf/2306.07174.pdf
90,https://arxiv.org/pdf/2306.07743.pdf
91,https://arxiv.org/pdf/2305.17333.pdf
92,https://arxiv.org/pdf/2305.17493.pdf
93,https://arxiv.org/pdf/2306.13588.pdf
94,https://arxiv.org/pdf/2306.14892.pdf
95,https://arxiv.org/pdf/2304.05376.pdf
96,https://arxiv.org/pdf/2304.01420.pdf
97,https://arxiv.org/abs/2211.15458
98,https://arxiv.org/pdf/2307.02486.pdf
99,https://arxiv.org/pdf/2307.08621.pdf
100,https://arxiv.org/abs/2306.04974
101,https://arxiv.org/pdf/2308.01399.pdf
102,https://arxiv.org/pdf/2308.01486.pdf
103,https://arxiv.org/abs/2308.06259
104,https://arxiv.org/abs/2308.07037
105,https://arxiv.org/pdf/2305.06300.pdf
106,https://arxiv.org/pdf/2212.14374.pdf
107,https://arxiv.org/pdf/2308.07968.pdf
108,https://arxiv.org/pdf/2307.09702.pdf
109,https://arxiv.org/pdf/2304.08485.pdf
110,https://arxiv.org/pdf/2308.10882.pdf
111,https://arxiv.org/pdf/2307.04721.pdf
112,https://arxiv.org/pdf/2302.09425.pdf
113,https://arxiv.org/pdf/2308.12212.pdf
114,https://arxiv.org/pdf/2308.11294.pdf
115,https://arxiv.org/pdf/2307.13422.pdf
116,https://arxiv.org/pdf/2308.09687.pdf
117,https://arxiv.org/pdf/2208.10264.pdf
118,https://arxiv.org/pdf/2309.01775.pdf
119,https://arxiv.org/abs/2308.12950
120,https://arxiv.org/pdf/2309.01826.pdf
121,https://arxiv.org/pdf/2308.13418v1.pdf
122,https://arxiv.org/pdf/2308.12261v1.pdf
123,https://arxiv.org/abs/2110.14914
124,https://arxiv.org/abs/2309.02591
125,https://arxiv.org/pdf/2309.01809.pdf
126,https://arxiv.org/pdf/2309.03409.pdf
127,https://arxiv.org/pdf/2307.08621.pdf
128,https://arxiv.org/pdf/2302.12832.pdf
129,https://arxiv.org/pdf/2309.05519.pdf
130,https://arxiv.org/pdf/2309.02427v1.pdf
131,https://arxiv.org/pdf/2309.07124.pdf
132,https://arxiv.org/pdf/2305.13048.pdf
133,https://arxiv.org/pdf/2309.05689.pdf
134,https://arxiv.org/pdf/2309.04564.pdf
135,https://arxiv.org/pdf/2309.07870.pdf
136,https://arxiv.org/pdf/1909.13231.pdf
137,https://arxiv.org/pdf/2309.07864.pdf
138,https://arxiv.org/pdf/2309.08532.pdf
139,https://arxiv.org/pdf/2309.05463.pdf
140,https://arxiv.org/pdf/2309.08872.pdf
141,https://arxiv.org/pdf/1406.2080.pdf
142,https://arxiv.org/pdf/1905.05040.pdf
143,https://arxiv.org/pdf/2305.17216.pdf
144,https://arxiv.org/pdf/2305.16817.pdf
145,https://arxiv.org/pdf/2307.07522.pdf
146,https://arxiv.org/pdf/2309.06979.pdf
147,https://arxiv.org/pdf/2210.00453.pdf
148,https://arxiv.org/pdf/2303.06053.pdf
149,https://arxiv.org/pdf/2305.13673.pdf
150,https://arxiv.org/abs/2309.17400
151,https://arxiv.org/pdf/2309.17421.pdf
152,https://arxiv.org/pdf/2309.16797.pdf
153,https://arxiv.org/pdf/2309.05660.pdf
154,https://arxiv.org/pdf/2310.01405.pdf
155,https://arxiv.org/pdf/2310.01783.pdf
156,https://arxiv.org/pdf/2310.01425.pdf
157,https://arxiv.org/pdf/2310.02304.pdf
158,https://arxiv.org/pdf/2310.00873.pdf
159,https://arxiv.org/pdf/2305.18270.pdf
160,https://arxiv.org/pdf/2309.02390.pdf
161,https://arxiv.org/pdf/2309.15312.pdf
162,https://arxiv.org/pdf/2303.00914.pdf
163,https://arxiv.org/pdf/2310.03714.pdf
164,https://arxiv.org/pdf/2310.07064.pdf
165,https://arxiv.org/pdf/2310.02239.pdf
166,https://arxiv.org/pdf/2310.11454.pdf
167,https://arxiv.org/pdf/2310.10971.pdf
168,https://arxiv.org/pdf/2310.08863v1.pdf
169,https://arxiv.org/pdf/2310.07996.pdf
170,https://arxiv.org/pdf/2310.10500.pdf
171,https://arxiv.org/pdf/2310.12135.pdf
172,https://arxiv.org/pdf/2305.12517.pdf
173,https://arxiv.org/pdf/2305.03010.pdf
174,https://arxiv.org/pdf/2307.09084.pdf
175,https://arxiv.org/pdf/2310.09139.pdf
176,https://arxiv.org/pdf/2310.15123.pdf
177,https://arxiv.org/pdf/2310.16028.pdf
178,https://arxiv.org/pdf/2310.15916.pdf
179,https://arxiv.org/pdf/2310.14408.pdf
180,https://arxiv.org/pdf/2310.16028.pdf
181,https://arxiv.org/pdf/2310.15421.pdf
182,https://arxiv.org/pdf/2305.14564.pdf
183,https://arxiv.org/pdf/2308.15224.pdf
184,https://arxiv.org/pdf/2310.17230.pdf
185,https://arxiv.org/pdf/2310.17191.pdf
186,https://arxiv.org/pdf/2310.17680.pdf
187,https://arxiv.org/pdf/2308.08155.pdf
188,https://arxiv.org/pdf/2305.14926.pdf
189,https://arxiv.org/pdf/2311.03033.pdf
190,https://arxiv.org/pdf/2311.01927.pdf
191,https://arxiv.org/pdf/2306.08204.pdf
192,https://arxiv.org/pdf/2310.19791.pdf
193,https://arxiv.org/pdf/2311.05088.pdf
194,https://arxiv.org/pdf/2004.04906.pdf
195,https://arxiv.org/pdf/2311.05657.pdf
196,https://arxiv.org/pdf/2006.07322.pdf
197,https://arxiv.org/pdf/2311.07361.pdf
198,https://arxiv.org/pdf/2311.07361.pdf
199,https://arxiv.org/pdf/2311.06720.pdf
200,https://arxiv.org/pdf/2305.15047.pdf
201,https://arxiv.org/pdf/2311.09247.pdf
202,https://arxiv.org/pdf/2207.01848.pdf
203,https://arxiv.org/pdf/2305.02997.pdf
204,https://arxiv.org/pdf/2310.04406.pdf
205,https://arxiv.org/pdf/2311.10642.pdf
206,https://arxiv.org/pdf/2311.11829.pdf
207,https://arxiv.org/pdf/2310.01352.pdf
208,https://arxiv.org/pdf/2311.10537.pdf
209,https://arxiv.org/pdf/2311.00871.pdf
210,https://arxiv.org/abs/2310.06816
211,https://arxiv.org/pdf/2311.10609.pdf
212,https://arxiv.org/pdf/2311.07343.pdf
213,https://arxiv.org/pdf/2305.06090.pdf
214,https://arxiv.org/pdf/2303.07925.pdf
215,https://arxiv.org/pdf/2203.05417.pdf
216,https://arxiv.org/pdf/2311.17227.pdf
217,https://arxiv.org/pdf/2312.00752.pdf
218,https://arxiv.org/pdf/2305.14975.pdf
219,https://arxiv.org/pdf/2312.01552.pdf
220,https://arxiv.org/pdf/2211.13308.pdf
221,https://arxiv.org/pdf/2312.03801.pdf
222,https://arxiv.org/pdf/2303.14100.pdf
223,https://arxiv.org/pdf/2312.04180.pdf
224,https://arxiv.org/pdf/2312.06648.pdf
225,https://arxiv.org/pdf/2312.08598.pdf
226,https://arxiv.org/pdf/2312.09299.pdf
227,https://arxiv.org/pdf/2312.10794.pdf
228,https://arxiv.org/pdf/2312.09323.pdf
229,https://arxiv.org/pdf/2312.10997v1.pdf
230,https://arxiv.org/pdf/2312.13401.pdf
231,https://arxiv.org/pdf/2310.11952.pdf
232,https://arxiv.org/pdf/2312.11444.pdf
233,https://arxiv.org/pdf/2312.14878.pdf
234,https://arxiv.org/pdf/2007.11112.pdf
235,https://arxiv.org/pdf/2305.17066.pdf
236,https://arxiv.org/pdf/2312.16862.pdf
237,https://arxiv.org/pdf/2312.17238.pdf
238,https://arxiv.org/pdf/2312.17661.pdf
239,https://arxiv.org/pdf/2401.02412.pdf
240,https://arxiv.org/pdf/2401.04088.pdf
241,https://arxiv.org/pdf/2004.12832.pdf
242,https://arxiv.org/pdf/2305.18290.pdf
243,https://arxiv.org/pdf/2401.06104.pdf
244,https://arxiv.org/pdf/2312.15796.pdf
245,https://arxiv.org/pdf/2401.06751.pdf
246,https://arxiv.org/pdf/2310.01334.pdf
247,https://arxiv.org/pdf/2401.08500.pdf
248,https://arxiv.org/abs/2401.09350
249,https://arxiv.org/pdf/2310.12962.pdf
250,https://arxiv.org/pdf/2401.08565.pdf
251,https://arxiv.org/pdf/2309.09888.pdf
252,https://arxiv.org/pdf/2401.10020.pdf
253,https://arxiv.org/pdf/2401.01325.pdf
254,https://arxiv.org/pdf/2401.06910.pdf
255,https://arxiv.org/pdf/2209.10658.pdf
256,https://arxiv.org/pdf/1803.09050.pdf
257,https://arxiv.org/pdf/2401.12178.pdf
258,https://arxiv.org/pdf/2401.01325.pdf
259,https://arxiv.org/pdf/2203.13088.pdf
260,https://arxiv.org/pdf/2301.05217.pdf
261,https://arxiv.org/pdf/2401.10225.pdf
262,https://arxiv.org/pdf/2009.11189.pdf
263,https://arxiv.org/pdf/2205.13147.pdf
264,https://arxiv.org/pdf/2401.12954.pdf
265,https://arxiv.org/pdf/2401.08867v1.pdf
266,https://arxiv.org/pdf/2401.16467.pdf
267,https://arxiv.org/pdf/2306.01128.pdf
268,https://arxiv.org/pdf/2401.18059.pdf
269,https://arxiv.org/pdf/2401.14953.pdf
270,https://arxiv.org/pdf/2010.01265.pdf
271,https://arxiv.org/pdf/2310.01728.pdf
272,https://arxiv.org/pdf/2312.13382.pdf
273,https://arxiv.org/pdf/2310.10688.pdf
274,https://arxiv.org/pdf/2211.14730.pdf
275,https://arxiv.org/pdf/2205.09328.pdf
276,https://arxiv.org/pdf/2312.06837.pdf
277,https://arxiv.org/pdf/2402.04248.pdf
278,https://arxiv.org/pdf/2305.09253.pdf
279,https://arxiv.org/pdf/2402.08955.pdf
280,https://arxiv.org/pdf/2402.04248.pdf
281,https://arxiv.org/pdf/2402.05403.pdf
282,https://arxiv.org/pdf/2402.13144.pdf
283,https://arxiv.org/pdf/2402.10760.pdf
284,https://arxiv.org/pdf/2402.14547.pdf
285,https://arxiv.org/pdf/2402.09727.pdf
286,https://arxiv.org/pdf/2312.03173.pdf
287,https://arxiv.org/pdf/2402.19427.pdf
288,https://arxiv.org/pdf/2402.17512.pdf
289,https://arxiv.org/pdf/2310.16834.pdf
290,https://arxiv.org/pdf/2310.16028.pdf
291,https://arxiv.org/pdf/2402.15449v1.pdf
292,https://arxiv.org/pdf/2403.00946.pdf
293,https://arxiv.org/pdf/2403.05440.pdf
294,https://arxiv.org/pdf/2402.18819.pdf
295,https://arxiv.org/pdf/2403.07815.pdf
296,https://arxiv.org/pdf/2403.04732.pdf
297,https://arxiv.org/pdf/2403.09029.pdf
298,https://arxiv.org/pdf/2402.18679.pdf
299,https://arxiv.org/pdf/2403.08081.pdf
300,https://arxiv.org/pdf/2403.01554.pdf
301,https://arxiv.org/pdf/2401.12947.pdf
302,https://arxiv.org/pdf/2403.12173.pdf
303,https://arxiv.org/pdf/2403.15246.pdf
304,https://arxiv.org/pdf/2403.20327.pdf
305,https://arxiv.org/pdf/2404.03683.pdf
306,https://arxiv.org/pdf/2310.03589.pdf
307,https://arxiv.org/pdf/2404.07353.pdf
308,https://arxiv.org/pdf/2404.07544.pdf
309,https://arxiv.org/pdf/2401.03006.pdf
310,https://arxiv.org/pdf/2403.04732.pdf
311,https://arxiv.org/pdf/2404.08819.pdf
312,https://arxiv.org/pdf/2404.11483v1.pdf
313,https://arxiv.org/pdf/2404.06921.pdf
